{"rule_cnt": 67, "model_cnt": 433, "noinvo_cnt": 1, "total_time": 817.7553517818451, "total_cnt": 500, "avg_time": 1.6355107035636902}