{"rule_cnt": 31, "model_cnt": 115, "noinvo_cnt": 1, "total_time": 171.91984391212463, "total_cnt": 146, "avg_time": 1.1775331774803057}